a-mobiliteitsfonds-2027	03-fondsen	https://www.rijksoverheid.nl/site/binaries/site-content/collections/documents/2026/09/15/a-mobiliteitsfonds-2027/a-mobiliteitsfonds.pdf	/workspace/Prinsjesdag-2026-begroting-2027/03-fondsen/a-mobiliteitsfonds-2027__a-mobiliteitsfonds.pdf
aanbiedingsbrief-belastingplan-2027	04-belastingplan	https://www.rijksoverheid.nl/site/binaries/site-content/collections/documents/2026/09/15/aanbiedingsbrief-belastingplan-2027/aanbiedingsbrief-aanbiedingsbrief-pakket-belastingplan-2027.pdf	/workspace/Prinsjesdag-2026-begroting-2027/04-belastingplan/aanbiedingsbrief-belastingplan-2027__aanbiedingsbrief-aanbiedingsbrief-pakket-belastingplan-2027.pdf
advies-adviescollege-toetsing-regeldruk-wetsvoorstel-belastingplan-2027-aanvullende-maatregelen	04-belastingplan	https://www.rijksoverheid.nl/site/binaries/site-content/collections/documents/2026/09/15/advies-adviescollege-toetsing-regeldruk-wetsvoorstel-belastingplan-2027-aanvullende-maatregelen/wetsvoorstel-belastingplan-2027-atr-advies-aanvullende-maatregelen.pdf	/workspace/Prinsjesdag-2026-begroting-2027/04-belastingplan/advies-adviescollege-toetsing-regeldruk-wetsvoorstel-belastingplan-2027-aanvullende-maatregelen__wetsvoorstel-belastingplan-2027-atr-advies-aanvullende-maatregelen.pdf
advies-adviescollege-toetsing-regeldruk-wetsvoorstel-belastingplan-2027-afschaffen-en-versoberen-zelfstandigenaftrek	04-belastingplan	https://www.rijksoverheid.nl/site/binaries/site-content/collections/documents/2026/09/15/advies-adviescollege-toetsing-regeldruk-wetsvoorstel-belastingplan-2027-afschaffen-en-versoberen-zelfstandigenaftrek/wetsvoorstel-belastingplan-2027-atr-advies-afschaffen-en-versoberen-zelfstandigenaftrek.pdf	/workspace/Prinsjesdag-2026-begroting-2027/04-belastingplan/advies-adviescollege-toetsing-regeldruk-wetsvoorstel-belastingplan-2027-afschaffen-en-versoberen-zelfstandigenaftrek__wetsvoorstel-belastingplan-2027-atr-advies-afschaffen-en-versoberen-zelfstandigenaftrek.pdf
advies-adviescollege-toetsing-regeldruk-wetsvoorstel-belastingplan-2027-fiscale-behandeling-ingeprijsd-valutaresultaat	04-belastingplan	https://www.rijksoverheid.nl/site/binaries/site-content/collections/documents/2026/09/15/advies-adviescollege-toetsing-regeldruk-wetsvoorstel-belastingplan-2027-fiscale-behandeling-ingeprijsd-valutaresultaat/wetsvoorstel-belastingplan-2027-atr-advies-fiscale-behandeling-ingeprijsd-valutaresultaat.pdf	/workspace/Prinsjesdag-2026-begroting-2027/04-belastingplan/advies-adviescollege-toetsing-regeldruk-wetsvoorstel-belastingplan-2027-fiscale-behandeling-ingeprijsd-valutaresultaat__wetsvoorstel-belastingplan-2027-atr-advies-fiscale-behandeling-ingeprijsd-valutaresultaat.pdf
advies-adviescollege-toetsing-regeldruk-wetsvoorstel-belastingplan-2027-schrappen-aftrek-specifieke-zorgkosten	04-belastingplan	https://www.rijksoverheid.nl/site/binaries/site-content/collections/documents/2026/09/15/advies-adviescollege-toetsing-regeldruk-wetsvoorstel-belastingplan-2027-schrappen-aftrek-specifieke-zorgkosten/wetsvoorstel-belastingplan-2027-atr-advies-schrappen-aftrek-specifieke-zorgkosten.pdf	/workspace/Prinsjesdag-2026-begroting-2027/04-belastingplan/advies-adviescollege-toetsing-regeldruk-wetsvoorstel-belastingplan-2027-schrappen-aftrek-specifieke-zorgkosten__wetsvoorstel-belastingplan-2027-atr-advies-schrappen-aftrek-specifieke-zorgkosten.pdf
advies-adviescollege-toetsing-regeldruk-wetsvoorstel-belastingplan-2027-vrijstelling-branche-eigen-producten	04-belastingplan	https://www.rijksoverheid.nl/site/binaries/site-content/collections/documents/2026/09/15/advies-adviescollege-toetsing-regeldruk-wetsvoorstel-belastingplan-2027-vrijstelling-branche-eigen-producten/wetsvoorstel-belastingplan-2027-atr-advies-vrijstelling-branche-eigen-producten.pdf	/workspace/Prinsjesdag-2026-begroting-2027/04-belastingplan/advies-adviescollege-toetsing-regeldruk-wetsvoorstel-belastingplan-2027-vrijstelling-branche-eigen-producten__wetsvoorstel-belastingplan-2027-atr-advies-vrijstelling-branche-eigen-producten.pdf
advies-adviescollege-toetsing-regeldruk-wetsvoorstel-fiscale-stimulering-start-ups-en-scale-ups	04-belastingplan	https://www.rijksoverheid.nl/site/binaries/site-content/collections/documents/2026/09/15/advies-adviescollege-toetsing-regeldruk-wetsvoorstel-fiscale-stimulering-start-ups-en-scale-ups/wetsvoorstel-wet-fiscale-stimulering-start-ups-en-scale-ups-advies-atr.pdf	/workspace/Prinsjesdag-2026-begroting-2027/04-belastingplan/advies-adviescollege-toetsing-regeldruk-wetsvoorstel-fiscale-stimulering-start-ups-en-scale-ups__wetsvoorstel-wet-fiscale-stimulering-start-ups-en-scale-ups-advies-atr.pdf
advies-adviescollege-toetsing-regeldruk-wetsvoorstel-overige-fiscale-maatregelen-2027	04-belastingplan	https://www.rijksoverheid.nl/site/binaries/site-content/collections/documents/2026/09/15/advies-adviescollege-toetsing-regeldruk-wetsvoorstel-overige-fiscale-maatregelen-2027/wetsvoorstel-overige-fiscale-maatregelen-2027-advies-atr-pseudo-eindheffing-fossiele-brandstoffen.pdf	/workspace/Prinsjesdag-2026-begroting-2027/04-belastingplan/advies-adviescollege-toetsing-regeldruk-wetsvoorstel-overige-fiscale-maatregelen-2027__wetsvoorstel-overige-fiscale-maatregelen-2027-advies-atr-pseudo-eindheffing-fossiele-brandstoffen.pdf
advies-autoriteit-persoonsgegevens-wetsvoorstel-belastingplan-2027	04-belastingplan	https://www.rijksoverheid.nl/site/binaries/site-content/collections/documents/2026/09/15/advies-autoriteit-persoonsgegevens-wetsvoorstel-belastingplan-2027/wetsvoorstel-belastingplan-2027-advies-autoriteit-persoonsgegevens.pdf	/workspace/Prinsjesdag-2026-begroting-2027/04-belastingplan/advies-autoriteit-persoonsgegevens-wetsvoorstel-belastingplan-2027__wetsvoorstel-belastingplan-2027-advies-autoriteit-persoonsgegevens.pdf
advies-autoriteit-persoonsgegevens-wetsvoorstel-fiscale-stimulering-start-ups-en-scale-ups	04-belastingplan	https://www.rijksoverheid.nl/site/binaries/site-content/collections/documents/2026/09/15/advies-autoriteit-persoonsgegevens-wetsvoorstel-fiscale-stimulering-start-ups-en-scale-ups/wetsvoorstel-wet-fiscale-stimulering-start-ups-en-scale-ups-advies-autoriteit-persoonsgegevens.pdf	/workspace/Prinsjesdag-2026-begroting-2027/04-belastingplan/advies-autoriteit-persoonsgegevens-wetsvoorstel-fiscale-stimulering-start-ups-en-scale-ups__wetsvoorstel-wet-fiscale-stimulering-start-ups-en-scale-ups-advies-autoriteit-persoonsgegevens.pdf
advies-autoriteit-persoonsgegevens-wetsvoorstel-overige-fiscale-maatregelen-2027	04-belastingplan	https://www.rijksoverheid.nl/site/binaries/site-content/collections/documents/2026/09/15/advies-autoriteit-persoonsgegevens-wetsvoorstel-overige-fiscale-maatregelen-2027/wetsvoorstel-overige-fiscale-maatregelen-2027-advies-autoriteit-persoonsgegevens.pdf	/workspace/Prinsjesdag-2026-begroting-2027/04-belastingplan/advies-autoriteit-persoonsgegevens-wetsvoorstel-overige-fiscale-maatregelen-2027__wetsvoorstel-overige-fiscale-maatregelen-2027-advies-autoriteit-persoonsgegevens.pdf
advies-autoriteit-persoonsgegevens-wetsvoorstel-wet-veiligehavenregels-wet-minimumbelasting-2024	04-belastingplan	https://www.rijksoverheid.nl/site/binaries/site-content/collections/documents/2026/09/15/advies-autoriteit-persoonsgegevens-wetsvoorstel-wet-veiligehavenregels-wet-minimumbelasting-2024/wet-veiligehavenregels-wet-minimumbelasting-2024-advies-autoriteit-persoonsgegevens.pdf	/workspace/Prinsjesdag-2026-begroting-2027/04-belastingplan/advies-autoriteit-persoonsgegevens-wetsvoorstel-wet-veiligehavenregels-wet-minimumbelasting-2024__wet-veiligehavenregels-wet-minimumbelasting-2024-advies-autoriteit-persoonsgegevens.pdf
advies-raad-van-state-miljoenennota-2027	04-belastingplan	https://www.rijksoverheid.nl/site/binaries/site-content/collections/documents/2026/09/15/advies-raad-van-state-miljoenennota-2027/advies-raad-van-state-miljoenennota-2027-en-septemberrapportage.pdf	/workspace/Prinsjesdag-2026-begroting-2027/04-belastingplan/advies-raad-van-state-miljoenennota-2027__advies-raad-van-state-miljoenennota-2027-en-septemberrapportage.pdf
advies-raad-voor-de-rechtspraak-wetsvoorstel-belastingplan-2027	04-belastingplan	https://www.rijksoverheid.nl/site/binaries/site-content/collections/documents/2026/09/15/advies-raad-voor-de-rechtspraak-wetsvoorstel-belastingplan-2027/wetsvoorstel-belastingplan-2027-advies-raad-voor-de-rechtspraak.pdf	/workspace/Prinsjesdag-2026-begroting-2027/04-belastingplan/advies-raad-voor-de-rechtspraak-wetsvoorstel-belastingplan-2027__wetsvoorstel-belastingplan-2027-advies-raad-voor-de-rechtspraak.pdf
advies-raad-voor-de-rechtspraak-wetsvoorstel-fiscale-stimulering-start-ups-en-scale-ups	04-belastingplan	https://www.rijksoverheid.nl/site/binaries/site-content/collections/documents/2026/09/15/advies-raad-voor-de-rechtspraak-wetsvoorstel-fiscale-stimulering-start-ups-en-scale-ups/wetsvoorstel-wet-fiscale-stimulering-start-ups-en-scale-ups-advies-raad-voor-de-rechtspraak.pdf	/workspace/Prinsjesdag-2026-begroting-2027/04-belastingplan/advies-raad-voor-de-rechtspraak-wetsvoorstel-fiscale-stimulering-start-ups-en-scale-ups__wetsvoorstel-wet-fiscale-stimulering-start-ups-en-scale-ups-advies-raad-voor-de-rechtspraak.pdf
appreciatietabel-voorstellen-werkgroep-afvalsector	04-belastingplan	https://www.rijksoverheid.nl/site/binaries/site-content/collections/documents/2026/09/15/appreciatietabel-voorstellen-werkgroep-afvalsector/wetsvoorstel-belastingplan-2027-appreciatietabel-voorstellen-werkgroep-afvalsector.pdf	/workspace/Prinsjesdag-2026-begroting-2027/04-belastingplan/appreciatietabel-voorstellen-werkgroep-afvalsector__wetsvoorstel-belastingplan-2027-appreciatietabel-voorstellen-werkgroep-afvalsector.pdf
b-gemeentefonds-2027	03-fondsen	https://www.rijksoverheid.nl/site/binaries/site-content/collections/documents/2026/09/15/b-gemeentefonds-2027/b-gemeentefonds.pdf	/workspace/Prinsjesdag-2026-begroting-2027/03-fondsen/b-gemeentefonds-2027__b-gemeentefonds.pdf
begroting-nationale-politie-2027	02-begrotingen	https://www.rijksoverheid.nl/site/binaries/site-content/collections/documents/2026/09/15/begroting-nationale-politie-2027/begroting-en-beheerplan-nationale-politie-2027-2031.pdf	/workspace/Prinsjesdag-2026-begroting-2027/02-begrotingen/begroting-nationale-politie-2027__begroting-en-beheerplan-nationale-politie-2027-2031.pdf
begroting-raad-voor-de-rechtspraak-2027	02-begrotingen	https://www.rijksoverheid.nl/site/binaries/site-content/collections/documents/2026/09/15/begroting-raad-voor-de-rechtspraak-2027/begrotingsvoorstel-raad-voor-de-rechtspraak-2027.pdf	/workspace/Prinsjesdag-2026-begroting-2027/02-begrotingen/begroting-raad-voor-de-rechtspraak-2027__begrotingsvoorstel-raad-voor-de-rechtspraak-2027.pdf
bijlagen-bij-miljoenennota-2027	01-miljoenennota	https://www.rijksoverheid.nl/site/binaries/site-content/collections/documents/2026/09/15/bijlagen-bij-miljoenennota-2027/01-miljoenennota-bijlage-pdf.pdf	/workspace/Prinsjesdag-2026-begroting-2027/01-miljoenennota/bijlagen-bij-miljoenennota-2027__01-miljoenennota-bijlage-pdf.pdf
c-provinciefonds-2027	03-fondsen	https://www.rijksoverheid.nl/site/binaries/site-content/collections/documents/2026/09/15/c-provinciefonds-2027/c-provinciefonds.pdf	/workspace/Prinsjesdag-2026-begroting-2027/03-fondsen/c-provinciefonds-2027__c-provinciefonds.pdf
cw3.1-kader-wetsvoorstel-wet-veiligehavenregels-wet-minimumbelasting-2024	04-belastingplan	https://www.rijksoverheid.nl/site/binaries/site-content/collections/documents/2026/09/15/cw3.1-kader-wetsvoorstel-wet-veiligehavenregels-wet-minimumbelasting-2024/wet-veiligehavenregels-wet-minimumbelasting-2024-cw3-1-kader.pdf	/workspace/Prinsjesdag-2026-begroting-2027/04-belastingplan/cw3.1-kader-wetsvoorstel-wet-veiligehavenregels-wet-minimumbelasting-2024__wet-veiligehavenregels-wet-minimumbelasting-2024-cw3-1-kader.pdf
cw3.1-kaders-belastingplan-2027	04-belastingplan	https://www.rijksoverheid.nl/site/binaries/site-content/collections/documents/2026/09/15/cw3.1-kaders-belastingplan-2027/wetsvoorstel-belastingplan-2027-cw3-1-kaders-pakket-belastingplan-2027.pdf	/workspace/Prinsjesdag-2026-begroting-2027/04-belastingplan/cw3.1-kaders-belastingplan-2027__wetsvoorstel-belastingplan-2027-cw3-1-kaders-pakket-belastingplan-2027.pdf
factsheetbundel	04-belastingplan	https://www.rijksoverheid.nl/site/binaries/site-content/collections/documents/2026/09/15/factsheetbundel/aanbiedingsbrief-bijlage-factsheetbundel-belastingplan-2027.pdf	/workspace/Prinsjesdag-2026-begroting-2027/04-belastingplan/factsheetbundel__aanbiedingsbrief-bijlage-factsheetbundel-belastingplan-2027.pdf
fiscale-sleuteltabel-2027	04-belastingplan	https://www.rijksoverheid.nl/site/binaries/site-content/collections/documents/2026/09/15/fiscale-sleuteltabel-2027/aanbiedingsbrief-bijlage-fiscale-sleuteltabel-2027.pdf	/workspace/Prinsjesdag-2026-begroting-2027/04-belastingplan/fiscale-sleuteltabel-2027__aanbiedingsbrief-bijlage-fiscale-sleuteltabel-2027.pdf
gedragseffecten-belastingmaatregelen	04-belastingplan	https://www.rijksoverheid.nl/site/binaries/site-content/collections/documents/2026/09/15/gedragseffecten-belastingmaatregelen/wetsvoorstel-belastingplan-2027-gedragseffecten-belastingmaatregelen-cpb-2026.pdf	/workspace/Prinsjesdag-2026-begroting-2027/04-belastingplan/gedragseffecten-belastingmaatregelen__wetsvoorstel-belastingplan-2027-gedragseffecten-belastingmaatregelen-cpb-2026.pdf
i-de-koning-rijksbegroting-2027	02-begrotingen	https://www.rijksoverheid.nl/site/binaries/site-content/collections/documents/2026/09/15/i-de-koning-rijksbegroting-2027/1-de-koning.pdf	/workspace/Prinsjesdag-2026-begroting-2027/02-begrotingen/i-de-koning-rijksbegroting-2027__1-de-koning.pdf
iia-staten-generaal-rijksbegroting-2027	02-begrotingen	https://www.rijksoverheid.nl/site/binaries/site-content/collections/documents/2026/09/15/iia-staten-generaal-rijksbegroting-2027/2a-staten-generaal.pdf	/workspace/Prinsjesdag-2026-begroting-2027/02-begrotingen/iia-staten-generaal-rijksbegroting-2027__2a-staten-generaal.pdf
iib-overige-hoge-colleges-van-staat-kabinetten-van-de-gouverneurs-en-de-kiesraad-rijksbegroting-2027	02-begrotingen	https://www.rijksoverheid.nl/site/binaries/site-content/collections/documents/2026/09/15/iib-overige-hoge-colleges-van-staat-kabinetten-van-de-gouverneurs-en-de-kiesraad-rijksbegroting-2027/2b-overigehogecolleges-van-staat-kab-gouverneurs-kiesraad.pdf	/workspace/Prinsjesdag-2026-begroting-2027/02-begrotingen/iib-overige-hoge-colleges-van-staat-kabinetten-van-de-gouverneurs-en-de-kiesraad-rijksbegroting-2027__2b-overigehogecolleges-van-staat-kab-gouverneurs-kiesraad.pdf
iii-algemene-zaken-rijksbegroting-2027	02-begrotingen	https://www.rijksoverheid.nl/site/binaries/site-content/collections/documents/2026/09/15/iii-algemene-zaken-rijksbegroting-2027/3-algemene-zaken-kab-vd-koning-en-ctiv.pdf	/workspace/Prinsjesdag-2026-begroting-2027/02-begrotingen/iii-algemene-zaken-rijksbegroting-2027__3-algemene-zaken-kab-vd-koning-en-ctiv.pdf
iv-koninkrijksrelaties-en-h-bes-fonds-rijksbegroting-2027	03-fondsen	https://www.rijksoverheid.nl/site/binaries/site-content/collections/documents/2026/09/15/iv-koninkrijksrelaties-en-h-bes-fonds-rijksbegroting-2027/4-koninkrijksrelaties-en-bes-fonds.pdf	/workspace/Prinsjesdag-2026-begroting-2027/03-fondsen/iv-koninkrijksrelaties-en-h-bes-fonds-rijksbegroting-2027__4-koninkrijksrelaties-en-bes-fonds.pdf
ix-financien-en-nationale-schuld-rijksbegroting-2027	02-begrotingen	https://www.rijksoverheid.nl/site/binaries/site-content/collections/documents/2026/09/15/ix-financien-en-nationale-schuld-rijksbegroting-2027/9-financien-en-nationale-schuld.pdf	/workspace/Prinsjesdag-2026-begroting-2027/02-begrotingen/ix-financien-en-nationale-schuld-rijksbegroting-2027__9-financien-en-nationale-schuld.pdf
j-deltafonds-2027	03-fondsen	https://www.rijksoverheid.nl/site/binaries/site-content/collections/documents/2026/09/15/j-deltafonds-2027/j-deltafonds.pdf	/workspace/Prinsjesdag-2026-begroting-2027/03-fondsen/j-deltafonds-2027__j-deltafonds.pdf
k-defensiematerieelbegrotingsfonds-2027	03-fondsen	https://www.rijksoverheid.nl/site/binaries/site-content/collections/documents/2026/09/15/k-defensiematerieelbegrotingsfonds-2027/k-defensiematerieelbegrotingsfonds.pdf	/workspace/Prinsjesdag-2026-begroting-2027/03-fondsen/k-defensiematerieelbegrotingsfonds-2027__k-defensiematerieelbegrotingsfonds.pdf
l-nationaal-groeifonds-2027	03-fondsen	https://www.rijksoverheid.nl/site/binaries/site-content/collections/documents/2026/09/15/l-nationaal-groeifonds-2027/l-nationaal-groeifonds.pdf	/workspace/Prinsjesdag-2026-begroting-2027/03-fondsen/l-nationaal-groeifonds-2027__l-nationaal-groeifonds.pdf
m-klimaat-en-energiefonds-2027	03-fondsen	https://www.rijksoverheid.nl/site/binaries/site-content/collections/documents/2026/09/15/m-klimaat-en-energiefonds-2027/m-klimaat-en-energiefonds.pdf	/workspace/Prinsjesdag-2026-begroting-2027/03-fondsen/m-klimaat-en-energiefonds-2027__m-klimaat-en-energiefonds.pdf
miljoenennota-2027	01-miljoenennota	https://www.rijksoverheid.nl/site/binaries/site-content/collections/documents/2026/09/15/miljoenennota-2027/00-miljoenennota-pdf.pdf	/workspace/Prinsjesdag-2026-begroting-2027/01-miljoenennota/miljoenennota-2027__00-miljoenennota-pdf.pdf
nader-rapport-miljoenennota-2027	01-miljoenennota	https://www.rijksoverheid.nl/site/binaries/site-content/collections/documents/2026/09/15/nader-rapport-miljoenennota-2027/nader-rapport-over-de-ontwerp-miljoenennota-2027.pdf	/workspace/Prinsjesdag-2026-begroting-2027/01-miljoenennota/nader-rapport-miljoenennota-2027__nader-rapport-over-de-ontwerp-miljoenennota-2027.pdf
nader-rapport-wetsvoorstel-belastingplan-2027	04-belastingplan	https://www.rijksoverheid.nl/site/binaries/site-content/collections/documents/2026/09/15/nader-rapport-wetsvoorstel-belastingplan-2027/nader-rapport-inzake-het-wetsvoorstel-belastingplan-2027.pdf	/workspace/Prinsjesdag-2026-begroting-2027/04-belastingplan/nader-rapport-wetsvoorstel-belastingplan-2027__nader-rapport-inzake-het-wetsvoorstel-belastingplan-2027.pdf
nader-rapport-wetsvoorstel-fiscale-stimulering-start-ups-en-scale-ups	04-belastingplan	https://www.rijksoverheid.nl/site/binaries/site-content/collections/documents/2026/09/15/nader-rapport-wetsvoorstel-fiscale-stimulering-start-ups-en-scale-ups/wetsvoorstel-wet-fiscale-stimulering-start-ups-en-scale-ups-nader-rapport.pdf	/workspace/Prinsjesdag-2026-begroting-2027/04-belastingplan/nader-rapport-wetsvoorstel-fiscale-stimulering-start-ups-en-scale-ups__wetsvoorstel-wet-fiscale-stimulering-start-ups-en-scale-ups-nader-rapport.pdf
nader-rapport-wetsvoorstel-overige-fiscale-maatregelen-2027	04-belastingplan	https://www.rijksoverheid.nl/site/binaries/site-content/collections/documents/2026/09/15/nader-rapport-wetsvoorstel-overige-fiscale-maatregelen-2027/nader-rapport-inzake-het-wetsvoorstel-overige-fiscale-maatregelen-2027.pdf	/workspace/Prinsjesdag-2026-begroting-2027/04-belastingplan/nader-rapport-wetsvoorstel-overige-fiscale-maatregelen-2027__nader-rapport-inzake-het-wetsvoorstel-overige-fiscale-maatregelen-2027.pdf
nader-rapport-wetsvoorstel-wet-veiligehavenregels-wet-minimumbelasting-2024	05-overig	https://www.rijksoverheid.nl/site/binaries/site-content/collections/documents/2026/09/15/nader-rapport-wetsvoorstel-wet-veiligehavenregels-wet-minimumbelasting-2024/nader-rapport-inzake-het-wetsvoorstel-wet-veiligehavenregels-wet-minimumbelasting-2024.pdf	/workspace/Prinsjesdag-2026-begroting-2027/05-overig/nader-rapport-wetsvoorstel-wet-veiligehavenregels-wet-minimumbelasting-2024__nader-rapport-inzake-het-wetsvoorstel-wet-veiligehavenregels-wet-minimumbelasting-2024.pdf
opdrachttoets-rvo-wetsvoorstel-fiscale-stimulering-start-ups-en-scale-ups	04-belastingplan	https://www.rijksoverheid.nl/site/binaries/site-content/collections/documents/2026/09/15/opdrachttoets-rvo-wetsvoorstel-fiscale-stimulering-start-ups-en-scale-ups/wetsvoorstel-wet-fiscale-stimulering-start-ups-en-scale-ups-opdrachttoets-rvo.pdf	/workspace/Prinsjesdag-2026-begroting-2027/04-belastingplan/opdrachttoets-rvo-wetsvoorstel-fiscale-stimulering-start-ups-en-scale-ups__wetsvoorstel-wet-fiscale-stimulering-start-ups-en-scale-ups-opdrachttoets-rvo.pdf
overzicht-uitvoerbaarheid	04-belastingplan	https://www.rijksoverheid.nl/site/binaries/site-content/collections/documents/2026/09/15/overzicht-uitvoerbaarheid/aanbiedingsbrief-bijlage-overzicht-uitvoerbaarheid.pdf	/workspace/Prinsjesdag-2026-begroting-2027/04-belastingplan/overzicht-uitvoerbaarheid__aanbiedingsbrief-bijlage-overzicht-uitvoerbaarheid.pdf
ramingstoelichtingen-en-cpb-certificering-pakket-belastingplan-2027	04-belastingplan	https://www.rijksoverheid.nl/site/binaries/site-content/collections/documents/2026/09/15/ramingstoelichtingen-en-cpb-certificering-pakket-belastingplan-2027/wetsvoorstel-belastingplan-2027-ramingstoelichtingen-en-certificering-pakket-belastingplan-2027.pdf	/workspace/Prinsjesdag-2026-begroting-2027/04-belastingplan/ramingstoelichtingen-en-cpb-certificering-pakket-belastingplan-2027__wetsvoorstel-belastingplan-2027-ramingstoelichtingen-en-certificering-pakket-belastingplan-2027.pdf
samenvatting-miljoenennota-2027	01-miljoenennota	https://www.rijksoverheid.nl/site/binaries/site-content/collections/documents/2026/09/15/samenvatting-miljoenennota-2027/samenvatting-miljoenennota-2027.pdf	/workspace/Prinsjesdag-2026-begroting-2027/01-miljoenennota/samenvatting-miljoenennota-2027__samenvatting-miljoenennota-2027.pdf
tabellen-marginale-druk	04-belastingplan	https://www.rijksoverheid.nl/site/binaries/site-content/collections/documents/2026/09/15/tabellen-marginale-druk/aanbiedingsbrief-bijlage-marginale-druk-en-gemiddelde-druk-2027.pdf	/workspace/Prinsjesdag-2026-begroting-2027/04-belastingplan/tabellen-marginale-druk__aanbiedingsbrief-bijlage-marginale-druk-en-gemiddelde-druk-2027.pdf
uitvoeringstoets-belastingdienst-wetsvoorstel-fiscale-stimulering-start-ups-en-scale-ups	04-belastingplan	https://www.rijksoverheid.nl/site/binaries/site-content/collections/documents/2026/09/15/uitvoeringstoets-belastingdienst-wetsvoorstel-fiscale-stimulering-start-ups-en-scale-ups/wetsvoorstel-wet-fiscale-stimulering-start-ups-en-scale-ups-uitvoeringstoets-belastingdienst.pdf	/workspace/Prinsjesdag-2026-begroting-2027/04-belastingplan/uitvoeringstoets-belastingdienst-wetsvoorstel-fiscale-stimulering-start-ups-en-scale-ups__wetsvoorstel-wet-fiscale-stimulering-start-ups-en-scale-ups-uitvoeringstoets-belastingdienst.pdf
uitvoeringstoets-belastingdienst-wetsvoorstel-wet-veiligehavenregels-wet-minimumbelasting-2024	04-belastingplan	https://www.rijksoverheid.nl/site/binaries/site-content/collections/documents/2026/09/15/uitvoeringstoets-belastingdienst-wetsvoorstel-wet-veiligehavenregels-wet-minimumbelasting-2024/wet-veiligehavenregels-wet-minimumbelasting-2024-uitvoeringstoets-belastingdienst.pdf	/workspace/Prinsjesdag-2026-begroting-2027/04-belastingplan/uitvoeringstoets-belastingdienst-wetsvoorstel-wet-veiligehavenregels-wet-minimumbelasting-2024__wet-veiligehavenregels-wet-minimumbelasting-2024-uitvoeringstoets-belastingdienst.pdf
uitvoeringstoetsen-belastingdienst-wetsvoorstel-belastingplan-2027	04-belastingplan	https://www.rijksoverheid.nl/site/binaries/site-content/collections/documents/2026/09/15/uitvoeringstoetsen-belastingdienst-wetsvoorstel-belastingplan-2027/wetsvoorstel-belastingplan-2027-uitvoeringstoetsen-belastingdienst.pdf	/workspace/Prinsjesdag-2026-begroting-2027/04-belastingplan/uitvoeringstoetsen-belastingdienst-wetsvoorstel-belastingplan-2027__wetsvoorstel-belastingplan-2027-uitvoeringstoetsen-belastingdienst.pdf
uitvoeringstoetsen-belastingdienst-wetsvoorstel-overige-fiscale-maatregelen-2027	04-belastingplan	https://www.rijksoverheid.nl/site/binaries/site-content/collections/documents/2026/09/15/uitvoeringstoetsen-belastingdienst-wetsvoorstel-overige-fiscale-maatregelen-2027/wetsvoorstel-overige-fiscale-maatregelen-2027-uitvoeringstoetsen-belastingdienst.pdf	/workspace/Prinsjesdag-2026-begroting-2027/04-belastingplan/uitvoeringstoetsen-belastingdienst-wetsvoorstel-overige-fiscale-maatregelen-2027__wetsvoorstel-overige-fiscale-maatregelen-2027-uitvoeringstoetsen-belastingdienst.pdf
v-buitenlandse-zaken-rijksbegroting-2027	02-begrotingen	https://www.rijksoverheid.nl/site/binaries/site-content/collections/documents/2026/09/15/v-buitenlandse-zaken-rijksbegroting-2027/5-buitenlandse-zaken.pdf	/workspace/Prinsjesdag-2026-begroting-2027/02-begrotingen/v-buitenlandse-zaken-rijksbegroting-2027__5-buitenlandse-zaken.pdf
vi-justitie-en-veiligheid-rijksbegroting-2027	02-begrotingen	https://www.rijksoverheid.nl/site/binaries/site-content/collections/documents/2026/09/15/vi-justitie-en-veiligheid-rijksbegroting-2027/6-justitie-en-veiligheid.pdf	/workspace/Prinsjesdag-2026-begroting-2027/02-begrotingen/vi-justitie-en-veiligheid-rijksbegroting-2027__6-justitie-en-veiligheid.pdf
vii-binnenlandse-zaken-en-koninkrijksrelaties-rijksbegroting-2027	02-begrotingen	https://www.rijksoverheid.nl/site/binaries/site-content/collections/documents/2026/09/15/vii-binnenlandse-zaken-en-koninkrijksrelaties-rijksbegroting-2027/7-binnenlandse-zaken-en-koninkrijksrelaties.pdf	/workspace/Prinsjesdag-2026-begroting-2027/02-begrotingen/vii-binnenlandse-zaken-en-koninkrijksrelaties-rijksbegroting-2027__7-binnenlandse-zaken-en-koninkrijksrelaties.pdf
viii-onderwijs-cultuur-en-wetenschap-rijksbegroting-2027	02-begrotingen	https://www.rijksoverheid.nl/site/binaries/site-content/collections/documents/2026/09/15/viii-onderwijs-cultuur-en-wetenschap-rijksbegroting-2027/8-onderwijs-cultuur-en-wetenschap.pdf	/workspace/Prinsjesdag-2026-begroting-2027/02-begrotingen/viii-onderwijs-cultuur-en-wetenschap-rijksbegroting-2027__8-onderwijs-cultuur-en-wetenschap.pdf
wetsvoorstel-belastingplan-2027	04-belastingplan	https://www.rijksoverheid.nl/site/binaries/site-content/collections/documents/2026/09/15/wetsvoorstel-belastingplan-2027/wetsvoorstel-belastingplan-2027.pdf	/workspace/Prinsjesdag-2026-begroting-2027/04-belastingplan/wetsvoorstel-belastingplan-2027__wetsvoorstel-belastingplan-2027.pdf
wetsvoorstel-fiscale-stimulering-start-ups-en-scale-ups	04-belastingplan	https://www.rijksoverheid.nl/site/binaries/site-content/collections/documents/2026/09/15/wetsvoorstel-fiscale-stimulering-start-ups-en-scale-ups/wetsvoorstel-wet-fiscale-stimulering-start-ups-en-scale-ups-wetsvoorstel.pdf	/workspace/Prinsjesdag-2026-begroting-2027/04-belastingplan/wetsvoorstel-fiscale-stimulering-start-ups-en-scale-ups__wetsvoorstel-wet-fiscale-stimulering-start-ups-en-scale-ups-wetsvoorstel.pdf
wetsvoorstel-overige-fiscale-maatregelen-2027	04-belastingplan	https://www.rijksoverheid.nl/site/binaries/site-content/collections/documents/2026/09/15/wetsvoorstel-overige-fiscale-maatregelen-2027/wetsvoorstel-overige-fiscale-maatregelen-2027-wetsvoorstel.pdf	/workspace/Prinsjesdag-2026-begroting-2027/04-belastingplan/wetsvoorstel-overige-fiscale-maatregelen-2027__wetsvoorstel-overige-fiscale-maatregelen-2027-wetsvoorstel.pdf
wetsvoorstel-wet-veiligehavenregels-wet-minimumbelasting-2024	05-overig	https://www.rijksoverheid.nl/site/binaries/site-content/collections/documents/2026/09/15/wetsvoorstel-wet-veiligehavenregels-wet-minimumbelasting-2024/wet-veiligehavenregels-wet-minimumbelasting-2024.pdf	/workspace/Prinsjesdag-2026-begroting-2027/05-overig/wetsvoorstel-wet-veiligehavenregels-wet-minimumbelasting-2024__wet-veiligehavenregels-wet-minimumbelasting-2024.pdf
x-defensie-rijksbegroting-2027	02-begrotingen	https://www.rijksoverheid.nl/site/binaries/site-content/collections/documents/2026/09/15/x-defensie-rijksbegroting-2027/10-defensie.pdf	/workspace/Prinsjesdag-2026-begroting-2027/02-begrotingen/x-defensie-rijksbegroting-2027__10-defensie.pdf
xii-infrastructuur-en-waterstaat-rijksbegroting-2027	02-begrotingen	https://www.rijksoverheid.nl/site/binaries/site-content/collections/documents/2026/09/15/xii-infrastructuur-en-waterstaat-rijksbegroting-2027/12-infrastructuur-en-waterstaat.pdf	/workspace/Prinsjesdag-2026-begroting-2027/02-begrotingen/xii-infrastructuur-en-waterstaat-rijksbegroting-2027__12-infrastructuur-en-waterstaat.pdf
xiii-economische-zaken-en-klimaat-rijksbegroting-2027	02-begrotingen	https://www.rijksoverheid.nl/site/binaries/site-content/collections/documents/2026/09/15/xiii-economische-zaken-en-klimaat-rijksbegroting-2027/13-economische-zaken-en-klimaat.pdf	/workspace/Prinsjesdag-2026-begroting-2027/02-begrotingen/xiii-economische-zaken-en-klimaat-rijksbegroting-2027__13-economische-zaken-en-klimaat.pdf
xiv-landbouw-visserij-voedselzekerheid-en-natuur-en-f-diergezondheidsfonds-rijksbegroting-2027	03-fondsen	https://www.rijksoverheid.nl/site/binaries/site-content/collections/documents/2026/09/15/xiv-landbouw-visserij-voedselzekerheid-en-natuur-en-f-diergezondheidsfonds-rijksbegroting-2027/14-landbouw-visserij-voedselzekerheid-en-natuur-en-diergezondheidsfonds.pdf	/workspace/Prinsjesdag-2026-begroting-2027/03-fondsen/xiv-landbouw-visserij-voedselzekerheid-en-natuur-en-f-diergezondheidsfonds-rijksbegroting-2027__14-landbouw-visserij-voedselzekerheid-en-natuur-en-diergezondheidsfonds.pdf
xv-sociale-zaken-en-werkgelegenheid-rijksbegroting-2027	02-begrotingen	https://www.rijksoverheid.nl/site/binaries/site-content/collections/documents/2026/09/15/xv-sociale-zaken-en-werkgelegenheid-rijksbegroting-2027/15-sociale-zaken-en-werkgelegenheid.pdf	/workspace/Prinsjesdag-2026-begroting-2027/02-begrotingen/xv-sociale-zaken-en-werkgelegenheid-rijksbegroting-2027__15-sociale-zaken-en-werkgelegenheid.pdf
xvi-volksgezondheid-welzijn-en-sport-rijksbegroting-2027	02-begrotingen	https://www.rijksoverheid.nl/site/binaries/site-content/collections/documents/2026/09/15/xvi-volksgezondheid-welzijn-en-sport-rijksbegroting-2027/16-volksgezondheid-welzijn-en-sport.pdf	/workspace/Prinsjesdag-2026-begroting-2027/02-begrotingen/xvi-volksgezondheid-welzijn-en-sport-rijksbegroting-2027__16-volksgezondheid-welzijn-en-sport.pdf
xvii-buitenlandse-handel-en-ontwikkelingssamenwerking-rijksbegroting-2027	02-begrotingen	https://www.rijksoverheid.nl/site/binaries/site-content/collections/documents/2026/09/15/xvii-buitenlandse-handel-en-ontwikkelingssamenwerking-rijksbegroting-2027/17-buitenlandse-handel-en-ontwikkelingssamenwerking.pdf	/workspace/Prinsjesdag-2026-begroting-2027/02-begrotingen/xvii-buitenlandse-handel-en-ontwikkelingssamenwerking-rijksbegroting-2027__17-buitenlandse-handel-en-ontwikkelingssamenwerking.pdf
xx-asiel-en-migratie-rijksbegroting-2027	02-begrotingen	https://www.rijksoverheid.nl/site/binaries/site-content/collections/documents/2026/09/15/xx-asiel-en-migratie-rijksbegroting-2027/20-asiel-en-migratie.pdf	/workspace/Prinsjesdag-2026-begroting-2027/02-begrotingen/xx-asiel-en-migratie-rijksbegroting-2027__20-asiel-en-migratie.pdf
xxii-volkshuisvesting-en-ruimtelijke-ordening-rijksbegroting-2027	02-begrotingen	https://www.rijksoverheid.nl/site/binaries/site-content/collections/documents/2026/09/15/xxii-volkshuisvesting-en-ruimtelijke-ordening-rijksbegroting-2027/22-volkshuisvesting-en-ruimtelijke-ordening.pdf	/workspace/Prinsjesdag-2026-begroting-2027/02-begrotingen/xxii-volkshuisvesting-en-ruimtelijke-ordening-rijksbegroting-2027__22-volkshuisvesting-en-ruimtelijke-ordening.pdf
xxiii-klimaat-en-groene-groei-rijksbegroting-2027	02-begrotingen	https://www.rijksoverheid.nl/site/binaries/site-content/collections/documents/2026/09/15/xxiii-klimaat-en-groene-groei-rijksbegroting-2027/23-klimaat-en-groene-groei.pdf	/workspace/Prinsjesdag-2026-begroting-2027/02-begrotingen/xxiii-klimaat-en-groene-groei-rijksbegroting-2027__23-klimaat-en-groene-groei.pdf
